0,0,0,0,0,0
0.0,0.0,0.0,0.0,0.0,0.0
0.0,0.0025723734013072936,-0.0028736812879251415,0.0003013078866178489,3.1841192549971548e-22,-1.1342317749714372e-18
-6.571461455000238e-07,0.007202645523660423,-0.008046307606190397,0.0008434416950678469,-6.571461455000227e-07,2.203874621262488e-07
-3.969156744830314e-06,0.013479167591082315,-0.015057860007021258,0.0015773612857287473,-3.969156744830315e-06,1.3311302101933786e-06
-1.2370996003755236e-05,0.02107234210548848,-0.02353943654437156,0.0024629457309088454,-1.2370996003754394e-05,4.148707974225723e-06
-2.826132445524867e-05,0.029717978187986112,-0.033194327912760606,0.0034668728240248095,-2.8261324455222237e-05,9.476900749321438e-06
-5.377835530412667e-05,0.03920401278079892,-0.043783019494342525,0.004560975770610108,-5.3778355303787435e-05,1.803094292871717e-05
-9.07157925297738e-05,0.04935993836839226,-0.05511136440687598,0.005721017522003388,-9.071579252739423e-05,3.0408516446881114e-05
-0.00014051363309584201,0.060048392145011925,-0.0670212703962253,0.006925792383694785,-0.00014051363308444935,4.708586735899773e-05
-0.00020428572515068848,0.07115846568508702,-0.07938336346032275,0.008156471396142354,-0.00020428572510874812,6.842637850784857e-05
-0.00028286244947729874,0.08260038231612714,-0.09209120180643668,0.009396125087696529,-0.0002828624493498729,9.469440083965713e-05
-0.00037683676534281345,0.09430126141227213,-0.10505670603564628,0.010629374205398627,-0.000376836765008367,0.0001260704133349955
-0.0004866076716833177,0.10620174663572401,-0.1182065449702195,0.011842132821033457,-0.00048660767090094993,0.00016266550263706027
-0.0006124184666780177,0.11825332115503356,-0.13147927389760478,0.013021418461877501,-0.0006124184650099225,0.00020453425767536464
-0.0007543890288218467,0.13041616933617714,-0.14482306638191514,0.014155211212595933,-0.0007543890255261689,0.00025168578778019945
-0.000912542298599496,0.1426574732777513,-0.15819391507886985,0.01523234882248568,-0.0009125422924893597,0.00030409289473671983
-0.0010868255836864772,0.15495005543202195,-0.17155420354037132,0.016242448379534313,-0.001086825572951719,0.00036169958176057786
-0.0012771274672861133,0.1672712966854006,-0.18487157164282642,0.01717584757201694,-0.0012771274492750886,0.0004244271392202977
-0.001483291103000172,0.1796022736650808,-0.19811801341170002,0.018023560298285522,-0.0014832910739598546,0.0004921790522179652
-0.0017051246090600066,0.19192707047892038,-0.2112691586924366,0.01877724264298291,-0.0017051245638334386,0.0005648449548561858
-0.001942409174483872,0.20423222920015846,-0.22430370012360126,0.019429166170051214,-0.0019424091061648109,0.0006423038250945334
-0.002194905384110374,0.2165063106619135,-0.23720293479708765,0.01997219619185553,-0.0021949052836557105,0.0007244265807836522
-0.002462358170818574,0.22873954291006843,-0.24995039629433885,0.020399773225616702,-0.0024623580266197567,0.0008110782060317192
-0.00274450071699205,0.24092353927792434,-0.26253155781224113,0.02070589628588642,-0.002744500514407323,0.0009021195094544517
-0.00304105755497671,0.25305107172966174,-0.27493359110398735,0.020885107012918416,-0.003041057275826467,0.0009974085927187716
-0.003351747057457601,0.26511588806053915,-0.2871451691656755,0.020932473920120143,-0.003351746679485549,0.001096802089035211
-0.003676283461919942,0.2771125638894192,-0.29915630316069713,0.020843576272192795,-0.0036762829582231062,0.001200156216459708
-0.00401437853689498,0.2890363822526034,-0.3109582061188291,0.02061448728843343,-0.0040143778753257845,0.0013073276794653035
-0.004365742969729364,0.3008832351019084,-0.32254317757678125,0.020241756510157024,-0.004365742112273197,0.0014181744436477265
-0.004730087534505986,0.312649542200151,-0.3339045046227647,0.01972239128311784,-0.004730086436637707,0.0015325564020816976
-0.005107124083043701,0.32433218385430523,-0.3450363758344475,0.019053837390106215,-0.00510712269306657,0.0016503359472576885
-0.005496566390400899,0.3359284446790624,-0.35593380540989294,0.0182339589298941,-0.0054965646487713385,0.0017713784592870087
-0.00589813087800997,0.34743596618029055,-0.3665925654271523,0.017261017580254563,-0.005898128716651463,0.0018955527188253343
-0.006311537231678845,0.3588527064201811,-0.37700912466453346,0.01613365140834294,-0.0063115345732881155,0.0020227312516577006
-0.006736508927583082,0.370176905398788,-0.3871805927981548,0.014850853404390083,-0.006736505684931527,0.002152790610897275
-0.007172773676549205,0.38140705508036166,-0.3971046690889572,0.013411949917161584,-0.00717276975178231,0.002285611602111779
-0.007620063795024118,0.3925418732235519,-0.4067795948963539,0.011816579164380905,-0.007620059078961386,0.002421079456282455
-0.008078116509855864,0.4035802803552024,-0.41620410952513265,0.010064669980369529,-0.008078110881293512,0.0025590839552314896
-0.00854667420317016,0.41452137936850486,-0.4253774090381993,0.008156420948279428,-0.008546667528188615,0.0026995195139616567
-0.009025484603064586,0.425364437336076,-0.43429910776003844,0.0060922800469413495,-0.009025476734342565,0.0028422852241938566
-0.00951430092545112,0.4361088692137334,-0.4429692022621882,0.003872924923713516,-0.009514291701587805,0.0029872848632367444
-0.010012881972084308,0.44675422317670005,-0.4513880376688332,0.001499243885729174,-0.010012871216930954,0.0031344268721617084
-0.01052099218956767,0.4573001673808864,-0.4595562761527483,-0.0010276823166697475,-0.010520979711569702,0.0032836243070780515
-0.011038401693903877,0.4677464779811402,-0.46747486751316714,-0.0037065978582288984,-0.011038387285454377,0.003434794767105005
-0.011564886264926718,0.478093028268561,-0.47514502174071377,-0.0065360883191462795,-0.011564869701731989,0.0035878603024203193
-0.012100227314715608,0.48833977881223034,-0.4825681834826585,-0.009514596252746522,-0.01210020835517332,0.003742747305533106
-0.012644211833843117,0.498486768508641,-0.4897460083261945,-0.012640435828956282,-0.012644190218433412,0.00389938638868586
-0.013196632319043401,0.5085341064559852,-0.4966803408195099,-0.01591180655362504,-0.013196607769733144,0.00405771225004207
-0.013757286685617182,0.5184819645812704,-0.5033731941511126,-0.01932680607360951,-0.013757258905277488,0.0042176635310663966
-0.014325978167611199,0.5283305709567245,-0.5098267314078518,-0.02288344208580251,-0.01432594683944817,0.004379182667258301
-0.014902515208530955,0.5380802037487138,-0.5160432483318482,-0.026579643375039815,-0.01490247999552953,0.0045422157341611594
-0.015486711345069583,0.5477311857478643,-0.5220251574964183,-0.030413270011184566,-0.015486671889450276,0.004706712290340109
-0.016078385086066384,0.5572838794335857,-0.5277749738212545,-0.03438212273980411,-0.01607834100875463,0.004872625218805774
-0.01667735978864937,0.5667386825299896,-0.5332953013477088,-0.0384839516038592,-0.016677310688757108,0.005039910568159024
-0.017283463533269542,0.5760960240134597,-0.5385888211960715,-0.04271646383586098,-0.017283408987588653,0.0052085273945453
-0.017896528999102636,0.5853563605350045,-0.5436582806282375,-0.047077331061151424,-0.017896468561609757,0.005378437605336221
-0.01851639334107792,0.594520173223095,-0.5485064831410759,-0.0515641958534564,-0.018516326542450126,0.005549605805301368
-0.019142898069594225,0.6035879648350393,-0.5531362795181279,-0.056174677683764364,-0.01914282441673506,0.005721999145894032
-0.019775888933800986,0.6125602572271146,-0.5575505597698784,-0.06090637830300487,-0.019775807909376237,0.005895587178150784
-0.02041521580915663,0.6214375891157035,-0.5617522458957278,-0.06575688659803622,-0.02041512687113931,0.006070341709595303
-0.021060732589827838,0.630220514103584,-0.5657442854038698,-0.07072378295918395,-0.02106063517105168,0.006246236665441027
-0.021712297086360247,0.6389095989473244,-0.5695296455284877,-0.0758046431960768,-0.021712190594081138,0.006423247954303996
-0.022369770928933524,0.6475054220434332,-0.5731113080869771,-0.08099704203686622,-0.02236965474439816,0.006601353338565574
-0.02303301947641016,0.6560085721125343,-0.5764922649232233,-0.08629855624414505,-0.0230328929544313,0.006780532309463753
-0.02370191173129714,0.6644196470623595,-0.5796755138862792,-0.09170676737904429,-0.023701774199834734,0.0069607659669401285
-0.024376320260661603,0.6727392530118037,-0.5826640552970546,-0.09721926424312327,-0.024376171020409097,0.007142036904226705
-0.025056121122974586,0.6809680034596514,-0.5854608888588199,-0.10283364502580704,-0.02505595944694971,0.007324329097121264
-0.025741193800800245,0.6891065185828712,-0.5880690109704252,-0.10854751918329114,-0.025741018933939534,0.007507627797871345
-0.026431421139200145,0.6971554246505884,-0.590491412404104,-0.11435850907304689,-0.026431232297956474,0.00769191943356403
-0.027126689289682666,0.70511535354098,-0.592731076312581,-0.12026425136633426,-0.027126485661625035,0.007877191508901064
-0.027826887659495186,0.7129869423493984,-0.5947909765329035,-0.12626239825947672,-0.02782666840291001,0.008063432513225478
-0.02853190886603078,0.7207708330770262,-0.5966740761569704,-0.13235061850307828,-0.028531673109523918,0.008250631831656427
-0.029241648696100776,0.7284676723902803,-0.5983833263411426,-0.1385265982668752,-0.029241395538199523,0.008438779660182655
-0.029956006069809124,0.7360781114420489,-0.5999216653295656,-0.1447880418565134,-0.02995573457856337,0.00862786692456146
-0.030674883008753227,0.7436028057466307,-0.6012920176679485,-0.15113267229723096,-0.030674592221334996,0.008817885202868787
-0.03139818460826842,0.7510424151009856,-0.6024972935864944,-0.15755823179819992,-0.031397873530569,0.009008826651546705
-0.032125819013428786,0.7583976035455793,-0.6035403885324995,-0.16406248211014438,-0.032125486619652595,0.00920068393479675
-0.03285769739851529,0.7656690393587273,-0.6044241828348145,-0.17064320478779735,-0.03285734263076972,0.009393450157171057
-0.03359373394966255,0.7728573950789154,-0.6051515414839154,-0.17729820136778465,-0.03359335571754291,0.009587118799217729
-0.03433384585039805,0.7799633475500979,-0.6057253140127523,-0.18402529347162805,-0.0343334430305668,0.009781683656042098
-0.03507795326979126,0.7869875779854543,-0.6061483344648595,-0.1908223228427348,-0.03507752470555066,0.009977138778651464
-0.0358259793529353,0.793930772045522,-0.6064234214374039,-0.1976871513254861,-0.035825523853792694,0.01017347841795716
-0.03657785021348992,0.8007936199270225,-0.606553378187951,-0.20461766079384522,-0.036577366554714746,0.010370696971314418
-0.03733349492802123,0.8075768164590614,-0.6065409927947253,-0.21161175303627494,-0.037332981850192876,0.010568788931487341
-0.038092845531881143,0.8142810612037146,-0.6063890383610573,-0.21866734960317882,-0.038092301740426875,0.010767748837933144
-0.03885583701637741,0.8209070585583085,-0.6061002732555374,-0.22578239162255606,-0.038855261181099436,0.010967571230306778
-0.039622407326993014,0.8274555178569809,-0.6056774413801553,-0.23295483958908408,-0.039621798081583844,0.011168250604093918
-0.040392497362422196,0.8339271534693491,-0.6051232724593881,-0.24018267313140937,-0.04039185330396743,0.01136978136828704
-0.04116605097419858,0.840322684894338,-0.6044404823438219,-0.247463890762034,-0.041165370662666304,0.011572157805025969
-0.0419430149666993,0.8466428368474238,-0.6036317733224598,-0.2547965096138294,-0.04194229692441513,0.0117753740311307
-0.04272333909731711,0.8528883393397269,-0.6026998344383784,-0.26217856516688326,-0.04272258180842417,0.011979423961460543
-0.04350697607660082,0.8590599277475582,-0.6016473418028614,-0.2696081109690944,-0.04350617798650368,0.012184301274039631
-0.04429388156817198,0.8651583428711682,-0.6004769589035606,-0.27708321835365995,-0.04429304108296382,0.012389999376894634
-0.045084014188233865,0.8711843309815822,-0.5991913369026175,-0.28460197615635896,-0.04508312967410601,0.012596511376555946
-0.045877335504495846,0.8771386438545332,-0.5977931149210289,-0.2921624904353144,-0.04587640528712882,0.01280383004817893
-0.04667381003434393,0.8830220387906071,-0.5962849203058548,-0.29976288419571234,-0.04667283239827933,0.013011947807246694
-0.04747340524209478,0.8888352786208221,-0.5946693688771617,-0.30740129712177305,-0.04747237843008714,0.013220856682820567
-0.048276091535177715,0.8945791316969519,-0.5929490651518587,-0.3150758853180978,-0.048275013747525616,0.013430548292308818
-0.04908184225909526,0.9002543718659896,-0.5911266025418297,-0.32278482106235784,-0.049080711652951005,0.013641013817728283
-0.04989063369101934,0.9058617784282237,-0.5892045635239929,-0.33052629257114496,-0.0498894483796765,0.013852243983437316
-0.050702445031886166,0.9114021360784726,-0.5871855197801318,-0.33829850378066817,-0.05070120308404432,0.01406422903532204
-0.051517258396858535,0.916876234830088,-0.5850720323045381,-0.34609967414384996,-0.05151595783586462,0.01427695872142106
-0.05233505880403019,0.9222848699214004,-0.5828666514776966,-0.3539280384452563,-0.05233369760709587,0.014490422273976738
-0.05315583416125202,0.9276288417043422,-0.5805719171044184,-0.3617818466351755,-0.05315441025864657,0.014704608392903756
-0.05397957525096544,0.932908955515036,-0.5781903584150014,-0.36965936368405183,-0.053978086525183655,0.014919505230667996
-0.05480627571293352,0.9381260215261916,-0.57572449402816,-0.37755886945836836,-0.05480471999783824,0.015135100378570885
-0.05563593202476541,0.9432808545812095,-0.5731768318746271,-0.3854786586189692,-0.055634307104704274,0.015351380854435973
-0.05646854348013489,0.948374274009937,-0.5705498690804915,-0.39341704054270554,-0.05646684708903109,0.015568333091696085
-0.057304112164598936,0.9534071034260762,-0.5678460918094836,-0.4013723392681873,-0.057302341985015645,0.01578594292988046
-0.05814264292892718,0.9583801705062905,-0.5650679750635829,-0.40934289346631647,-0.05814079659110562,0.0160041956065022
-0.05898414335985853,0.9632943067511113,-0.562217982441471,-0.41732705643617757,-0.058982218440729484,0.016223075750346854
-0.05982862374820624,0.9681503472277891,-0.5592985658545122,-0.42532319612675296,-0.0598266177703751,0.016442567376163335
-0.0606760970542382,0.9729491302952943,-0.5563121652000961,-0.4333296951848282,-0.060674007484943636,0.01666265388075828
-0.06152657887026474,0.9776914973117129,-0.5532612079923385,-0.4413449510293434,-0.06152440312031112,0.01688331804049468
-0.06238008738037178,0.9823782923243449,-0.5501481089502939,-0.4493673759523392,-0.062377822803035735,0.017104542010195053
-0.06323664331724327,0.9870103617428585,-0.546975269543996,-0.4573953972465371,-0.06323428720715468,0.017326307323448566
-0.06409626991602264,0.9915885539959096,-0.5437450774988064,-0.46542745735947905,-0.06409381950802068,0.017548594894320313
-0.06495899286516976,0.9961137191716918,-0.5404599062587173,-0.47346201407404237,-0.0649564453331344,0.0177713850204597
-0.06582484025427598,1.0005867086429339,-0.5371221144094237,-0.4814975407150272,-0.06582219270993592,0.017994657387603096
-0.06669384251880725,1.0050083746769203,-0.5337340450621479,-0.48953252638140055,-0.06669109201052495,0.018218391075464066
-0.0675660323817521,1.0093795700311654,-0.5302980251993716,-0.49756547620366276,-0.06756317589328698,0.01844256456500238
-0.06844144479215905,1.0137011475354265,-0.5268163649838025,-0.5055949116256855,-0.06843847924140983,0.01866715574706057
-0.06932011686055554,1.0179739596608008,-0.523291357032072,-0.5136193707102508,-0.06931703909828314,0.018892141932354306
-0.07020208779124881,1.022198858076705,-0.519725275654835,-0.5216374084674064,-0.070198894599781,0.019117499862799984
-0.07108739881151745,1.0263766931965919,-0.5161203760651076,-0.5296475972046313,-0.07108408690343682,0.019343205724160106
-0.07197609309771105,1.0305083137133144,-0.5124788935568505,-0.5376485268976946,-0.07197265911452792,0.019569235159983808
-0.07286821569828446,1.0345945661250993,-0.5088030426559654,-0.5456388055809734,-0.07286465620909649,0.01979556328681668
-0.0737638134538021,1.0386362942531475,-0.5050950162460349,-0.5536170597558873,-0.07376012495394259,0.02002216471065069
-0.07466293491395791,1.0426343387519246,-0.5013569846712875,-0.5615819348159968,-0.07465911382363465,0.020249013544581532
-0.07556563025166532,1.0465895366132554,-0.49759109481941993,-0.5695320954872133,-0.07556167291459241,0.020476083427637213
-0.07647195117428238,1.0505027206653808,-0.49379946918704587,-0.5774662262814639,-0.07646785385630717,0.020703347544738078
-0.07738195083204652,1.0543747190681756,-0.48998420493067524,-0.5853830319620672,-0.07737770971977419,0.020930778647745004
-0.07829568372380401,1.0582063548057665,-0.4861473729062466,-0.5932812380189837,-0.07829129492322238,0.021158349077548783
-0.07921320560012896,1.0619984451778204,-0.48229101670034796,-0.6011595911520288,-0.07920866513523632,0.02138603078715029
-0.08013457336393727,1.0657518012908065,-0.47841715165635895,-0.6090168597600606,-0.08012987717537585,0.021613795365677563
-0.08105984496871065,1.0694672275505586,-0.47452776389883244,-0.6168518344340939,-0.081054988912409,0.02184161406328252
-0.08198907931445609,1.0731455211574825,-0.47062480935950657,-0.624663328452234,-0.08198405916028326,0.022069457816856878
-0.0829223361415361,1.076787471605771,-0.4667102128083923,-0.632450178274282,-0.08291714757197072,0.022297297276503716
-0.08385967592251413,1.0803938601879954,-0.4627858668934243,-0.6402112440338241,-0.08385431453133198,0.02252510283269833
-0.08480115975216962,1.0839654595064445,-0.45885363119218536,-0.6479454100256,-0.08479562104315279,0.02275284464406924
-0.08574684923584557,1.0875030329925806,-0.45491533127922185,-0.6556515851859238,-0.08574112862151675,0.022980492665727947
-0.08669680637630019,1.0910073344359685,-0.4509727578124574,-0.6633287035639381,-0.08669089917668572,0.023208016678073717
-0.08765109345924246,1.0944791075240212,-0.44702766564218155,-0.6709757247814858,-0.08764499490066761,0.023435386315997966
-0.08860977293773872,1.0979190853938758,-0.4430817729460446,-0.67859163447941,-0.08860347815165892,0.0236625710984111
-0.08957290731568449,1.1013279901976922,-0.4391367603934228,-0.6861754447481248,-0.08956641133755622,0.02388954045801356
-0.0905405590305419,1.1047065326826213,-0.43519427034243496,-0.6937261945403487,-0.09053385679873696,0.02411626377123189
-0.091512790335549,1.1080554117866521,-0.4312559060727898,-0.701242950063946,-0.09150587669031586,0.024342710388240065
-0.0924896631816115,1.1113753142514962,-0.4273232310575228,-0.7087248051528963,-0.09248253286408753,0.024568849662986208
-0.09347123909909207,1.1146669142536094,-0.423397768276546,-0.7161708816144898,-0.09346388675037035,0.02479465098314502
-0.09445757907971518,1.1179308730543944,-0.4194809995747802,-0.7235803295509404,-0.09444999923996975,0.025020083799916812
-0.09544874345880812,1.1211678386705537,-0.41557436506747003,-0.730952327653708,-0.09544093056648112,0.025245117657594934
-0.09644479179809981,1.124378445565497,-0.4116792625951015,-0.7382860834689376,-0.0964367401891544,0.02546972222282487
-0.09744578276930001,1.1275633143626251,-0.40779704723014143,-0.7455808336325406,-0.09743748667654244,0.025693867313479744
-0.09845177403868087,1.1307230515812308,-0.4039290308376128,-0.7528358440735721,-0.09844322759115544,0.025917522927079262
-0.09946282215288162,1.1338582493956753,-0.40007648169129867,-0.7600504101847003,-0.09945401937534169,0.026140659268681324
-0.10047898242615465,1.1369694854184067,-0.3962406241471387,-0.7672238569586999,-0.10046991723861326,0.02636324677817836
-0.10150030882926846,1.1400573225072979,-0.39242263837514535,-0.7743555390900544,-0.10149097504663158,0.026585256156933475
-0.1025268538802785,1.1431223085976854,-0.38862366015092525,-0.7814448410409055,-0.10251724521206415,0.026806658393694754
-0.10355866853737229,1.1461649765593993,-0.3848447807076412,-0.7884911770707401,-0.1035487785875183,0.027027424789729713
-0.10459580209398907,1.1491858440789746,-0.3810870466490023,-0.795493991229369,-0.10458562436075247,0.027247526983125683
-0.10563830207640793,1.1521854135671419,-0.3773514599236164,-0.8024527573129063,-0.10562782995235846,0.027466936972205973
-0.10668621414399072,1.1551641720915964,-0.3736389778607894,-0.8093669787826226,-0.106675440916101,0.027685627138015857
-0.10773958199225815,1.1581225913349542,-0.36995051326760536,-0.8162361886467009,-0.1077285008420927,0.027903570265836796
-0.10879844725896831,1.1610611275777056,-0.36628693458687767,-0.8230599493050811,-0.10878705126297372,0.02812073956569183
-0.10986284943335804,1.1639802217058914,-0.3626490661153218,-0.8298378523577353,-0.10985113156325593,0.028337108691809648
-0.11093282576869698,1.1668802992431337,-0.359037688281066,-0.8365695183768614,-0.1109207788919817,0.02855265176101947
-0.11200841119829413,1.1697617704065728,-0.3554535379793935,-0.8432545966436302,-0.11199602807883653,0.028767343370053575
-0.11308963825508578,1.1726250301861785,-0.3518973089653943,-0.8498927648502588,-0.11307691155384436,0.02898115861173895
-0.11417653699492215,1.1754704584468278,-0.34836965230200057,-0.8564837287683146,-0.11416345927076277,0.029194073090064204
-0.11526913492365928,1.1782984200524702,-0.34487117686168783,-0.863027221884279,-0.11525569863428405,0.029406062934112416
-0.11636745692815013,1.18110926501163,-0.34140244987994556,-0.8695230050035169,-0.11635365443113631,0.029617104810855124
-0.11747152521121774,1.183903328643441,-0.3379639975584549,-0.8759708658239028,-0.117457348765167,0.029827175936806966
-0.11858135923068108,1.1866809317633464,-0.33455630571576156,-0.8823706184804592,-0.11856680099647916,0.03003625408854477
-0.1196969756424922,1.1894423808875454,-0.3311798204830953,-0.8887221030624438,-0.11968202768467907,0.0302443176120989
-0.12081838824803172,1.1921879684552295,-0.3278349490428679,-0.8950251851044091,-0.12080304253628193,0.03045134543122857
-0.12194560794559785,1.1949179730676078,-0.3245220604072777,-0.9012797550528209,-0.12192985635631047,0.030657317054596556
-0.12307864268611252,1.1976326597426872,-0.3212414862343587,-0.9074857277098863,-0.12306247700411012,0.030862212581862055
-0.12421749743305717,1.2003322801847507,-0.3179935216787428,-0.9136430416562874,-0.12420090935339279,0.031066012708713883
-0.12536217412663955,1.2030170730674528,-0.31477842627434344,-0.9197516586545565,-0.12534515525651055,0.031268698730869016
-0.12651267165218238,1.2056872643294376,-0.31159642484613215,-0.9258115630348592,-0.12649521351294984,0.0314702525470643
-0.12766898581271438,1.2083430674813762,-0.30844770844815006,-0.9318227610649675,-0.12765107984202662,0.03167065666107167
-0.12883110930573471,1.2109846839233154,-0.30533243532488863,-0.9377852803062179,-0.12881274685975289,0.03186989418276931
-0.129999031704112,1.2136123032712318,-0.30225073189317575,-0.9436991689572467,-0.12998020405983632,0.03206794882830341
-0.1311727394410709,1.216226103691695,-0.29920269374172104,-0.9495644951872889,-0.1311534377987649,0.032264804919376555
-0.13235221579921036,1.2188262522435491,-0.2961883866455049,-0.9553813464608076,-0.13233243128492134,0.032460447381700536
-0.13353744090349018,1.2214129052255458,-0.2932078475922373,-0.9611498288551983,-0.13351716457166318,0.032654861742652384
-0.13472839171811554,1.2239862085288775,-0.2902610858181668,-0.966870066373278,-0.13470761455429836,0.03284803412817344
-0.1359250420472419,1.2265462979935853,-0.28734808385058513,-0.9725422002522324,-0.13590375497087842,0.03303995125895202
-0.13712736253941737,1.2290932997678445,-0.2844687985544452,-0.9781663882706464,-0.13710555640672634,0.03323060044593058
-0.13833532069567345,1.2316273306691627,-0.2816231621805943,-0.9837428040551949,-0.13831298630260971,0.03341996958517886
-0.13954888088117076,1.234148498546558,-0.27881108341321503,-0.9892716363885121,-0.13952600896646594,0.033608047152174005
-0.1407680043403017,1.2366569026428245,-0.2760324484141624,-0.994753088519699,-0.14074458558858102,0.033794822195529234
-0.14199264921514815,1.2391526339560273,-0.27328712186199045,-1.000187377478863,-0.14196867426012008,0.03398028433021154
-0.14322277056718938,1.2416357755994145,-0.27057494798356896,-1.0055747333970158,-0.14319822999490486,0.03416442373028902
-0.1444583204021523,1.2441064031589733,-0.2678957515763041,-1.010915398832586,-0.14443320475433,0.03434723112124747
-0.14569924769789439,1.2465645850479015,-0.2652493390190913,-1.0162096281057293,-0.14567354747530828,0.03452869777191504
-0.14694549843520724,1.2490103828573111,-0.26263549927024876,-1.0214576866415426,-0.1469192041011333,0.034708815486033114
-0.1481970156314285,1.2514438517025253,-0.2600540048507965,-1.0266598503232192,-0.14817011761514634,0.03488757659351012
-0.1494537393767479,1.2538650405643745,-0.2575046128115702,-1.031816404856098,-0.14942622807709413,0.035064973941394274
-0.15071560687309368,1.2562739926249453,-0.2549870656827765,-1.0369276451434895,-0.15068747266206295,0.035241000884599596
-0.1519825524754853,1.2586707455972785,-0.2525010924047179,-1.0419938746750796,-0.15195378570187537,0.035415651276418575
-0.1532545077357388,1.2610553320485587,-0.25004640923853416,-1.0470154049286455,-0.15322509872883572,0.03558891945885325
-0.15453140144841143,1.2634277797163818,-0.24762272065592442,-1.0519925547857312,-0.15450134052171127,0.035760800252795245
-0.15581315969887422,1.2657881118177305,-0.2452297202069283,-1.0569256499618696,-0.1557824371538372,0.03593128894808358
-0.15709970591340092,1.268136347350329,-0.2428670913649573,-1.0618150224518574,-0.15706831204323438,0.0361003812934679
-0.1583909609111648,1.270472501386091,-0.24053450834837634,-1.0666610099905263,-0.15835888600463116,0.03626807348650296
-0.15968684295803537,1.2727965853564112,-0.2382316369180408,-1.0714639555293792,-0.15965407730328104,0.03643436216339894
-0.16098726782206954,1.2751086073290965,-0.23595813515029612,-1.0762242067294059,-0.1609538017104714,0.03659924438885036
-0.1622921488305939,1.277408572276758,-0.23371365418504444,-1.0809421154703183,-0.1622579725606192,0.036762717645865216
-0.1636013969287766,1.279696482336533,-0.23149783894857623,-1.085618037376396,-0.16356650080985272,0.036924779825614124
-0.16491492073959022,1.2819723370610296,-0.2293103288509532,-1.09025233135907,-0.1648792950959806,0.037085429217317986
-0.16623262662506894,1.2842361336604249,-0.22715075845781343,-1.094845359176321,-0.1661962617997515,0.03724466449819122
-0.16755441874876623,1.2864878672356725,-0.22501875813654812,-1.099397485008917,-0.16751730510731053,0.03740248472345614
-0.16888019913932165,1.2887275310028088,-0.22291395467687505,-1.1039090750534695,-0.16884232707376132,0.03755888931644275
-0.1702098677550479,1.2909551165083686,-0.22083597188590257,-1.1083804971322386,-0.1701712276877448,0.0377138780587869
-0.1715433225494522,1.2931706138359491,-0.21878443115784343,-1.11281212031958,-0.17150390493694886,0.037867451080738405
-0.1728804595376082,1.295374011803982,-0.2167589520185978,-1.1172043145848856,-0.1728402548744649,0.038019608851589635
-0.17422117286329764,1.2975652981547952,-0.21475915264548012,-1.1215574504518344,-0.17418017168591107,0.03817035217023369
-0.17556535486684355,1.2997444597350656,-0.2127846503624153,-1.1258718986737404,-0.17552354775724346,0.038319682155860464
-0.1769128961535588,1.3019114826677802,-0.21083506211097605,-1.1301480299247477,-0.1768702737431795,0.03846760023879749
-0.17826368566273684,1.3040663525158414,-0.2089100048976748,-1.1343862145066057,-0.17822023863616057,0.038614108151501764
-0.17961761073711402,1.3062090544374634,-0.20700909621796146,-1.1385868220707236,-0.17957332983578256,0.038759207919707495
-0.18097455719273417,1.3083395733335237,-0.2051319544574114,-1.1427502213551892,-0.18092943321862634,0.03890290185373413
-0.18233440938915002,1.31045789398704,-0.20327819927061758,-1.1468767799364146,-0.18228843320842142,0.03904519253995791
-0.18369705029989666,1.3125640011949573,-0.2014474519383265,-1.1509668639950528,-0.1836502128464792,0.03918608283244958
-0.1850623615831755,1.3146578798924367,-0.19963933570337933,-1.155020838095822,-0.1850146538623337,0.03932557584478008
-0.18643022365268838,1.316739515269842,-0.1978534760860385,-1.1590390649808544,-0.18638163674452993,0.03946367494199539
-0.1878005157485644,1.318808892882634,-0.1960895011792951,-1.1630219053761806,-0.18775104081150182,0.03960038373276108
-0.1891731160083226,1.3208659987543756,-0.19434704192476446,-1.166969717810954,-0.18912274428248393,0.039735706061676514
-0.19054790153781653,1.322910819473067,-0.1926257323697872,-1.170882858449009,-0.19049662434840245,0.03986964600175825
-0.19192474848210803,1.3249433422810242,-0.19092520990635883,-1.174761680932348,-0.19187255724269253,0.04000220784709143
-0.19330353209621856,1.32696355515852,-0.18924511549251588,-1.1786065362361433,-0.19325041831199147,0.04013339610564796
-0.194684126815709,1.3289714469014053,-0.1875850938568075,-1.1824177725348453,-0.19463008208665764,0.04026321549226938
-0.1960664063270393,1.3309670071929338,-0.18594479368648195,-1.186195735078983,-0.19601142235106728,0.04039167092181254
-0.1974502436376611,1.3329502266700026,-0.1843238678000141,-1.1899407660822487,-0.19739431221364223,0.040518767502455276
-0.19883551114579778,1.3349210969840335,-0.1827219733045965,-1.1936532046184578,-0.19877862417656292,0.040644510529159676
-0.2002220807098674,1.3368796108567043,-0.18113877173921025,-1.19733338652798,-0.2001642302051224,0.04076890547728975
-0.2016098237175051,1.3388257621307482,-0.17957392920388526,-1.2009816443332448,-0.20155100179667798,0.04089195799638042
-0.20299861115414264,1.3407595458160286,-0.17802711647574962,-1.2045983071629247,-0.2029388100491585,0.04101367390405455
-0.20438831367110394,1.3426809581310963,-0.17649800911245903,-1.2081837006844123,-0.20432752572908552,0.04113405918008448
-0.2057788016531761,1.3445899965404353,-0.17498628754358553,-1.2117381470442072,-0.2057170193390688,0.041253119960594664
-0.20716994528561655,1.3464866597875915,-0.1734916371505334,-1.215261964815845,-0.20710716118473613,0.04137086253240158
-0.2085616146205574,1.3483709479243833,-0.1720137483355366,-1.2187554689549982,-0.20849782144105933,0.04148729332748745
-0.20995367964276976,1.350242862336381,-0.1705523165802796,-1.2222189707614,-0.20988887021803862,0.04160241891760387
-0.21134601033475067,1.3521024057648408,-0.16910704249466904,-1.2256527778472373,-0.21128017762570844,0.041716246009001846
-0.21273847674109647,1.353949582325274,-0.1676776318562686,-1.229057194111681,-0.2126716138384287,0.0418287814372843
-0.21413094903212712,1.355784397522825,-0.16626379564089597,-1.2324325197212236,-0.2140630491584259,0.04194003216237753
-0.215523297566727,1.3576068582646257,-0.16486525004486416,-1.2357790510955042,-0.21545435407854976,0.04205000526361792
-0.2169153929543679,1.359416972869295,-0.16348171649933485,-1.2390970808983177,-0.2168453993442113,0.042158707934950336
-0.2183071061162811,1.3612147510737362,-0.16211292167723584,-1.2423868980335044,-0.21823605601446894,0.04226614748023468
-0.21969830834574586,1.363000204037387,-0.16075859749317883,-1.2456487876454359,-0.2196261955222309,0.042372331308657155
-0.22108887136746283,1.3647733443440706,-0.1594184810967983,-1.2488830311238186,-0.22101568973354127,0.04247726693024289
-0.2224786673959809,1.3665341860015874,-0.1580923148599166,-1.2520899061125461,-0.2224044110059196,0.04258096195146672
-0.22386756919314751,1.3682827444391847,-0.1567798463579251,-1.2552696865223438,-0.22379223224572314,0.04268342407095888
-0.22525545012455278,1.3700190365030342,-0.1554808283457557,-1.2584226425469567,-0.22517902696450284,0.042784661075302675
-0.22664218421493862,1.3717430804498434,-0.15419501872880179,-1.261549040682644,-0.22656466933432404,0.04288468083492106
-0.2280276462025452,1.37345489593872,-0.1529221805291336,-1.264649143750751,-0.2279490342420242,0.04298349130004946
-0.2294117115923674,1.3751545040214062,-0.15166208184733682,-1.2677232109231396,-0.22933199734238083,0.04308110049679209
-0.23079425670829512,1.3768419271309884,-0.1504144958202908,-1.2707714977502687,-0.23071343511016312,0.04317751652325911
-0.23217515874411243,1.3785171890691938,-0.14917920057518688,-1.2737942561917237,-0.2320932248910425,0.04327274754578231
-0.23355429581333065,1.3801803149923664,-0.14795597918007525,-1.276791734649004,-0.23347124495133753,0.043366801795206925
-0.23493154699783256,1.3818313313962234,-0.146744619591214,-1.2797641780003857,-0.23484737452656992,0.04345968756325741
-0.23630679239530486,1.3834702660994802,-0.14554491459748242,-1.282711827637685,-0.2362214938688095,0.04355141319897504
-0.23767991316543796,1.385097148226431,-0.14435666176210696,-1.2856349215047589,-0.23759348429278646,0.04364198710522549
-0.23905079157487238,1.386712008188566,-0.14317966336193627,-1.288533694137582,-0.2389632282207512,0.04373141773527441
-0.2404193110408728,1.388314877665306,-0.14201372632449077,-1.291408376705751,-0.24033060922606223,0.04381971358942949
-0.24178535617371186,1.3899057895839246,-0.14085866216299964,-1.2942591970552755,-0.24169551207548437,0.04390688321174712
-0.24314881281774642,1.3914847780987305,-0.13971428690962776,-1.2970863797525176,-0.24305782277018034,0.04399293518680245
-0.24450956809117103,1.3930518785695765,-0.13858042104708485,-1.2998901461291539,-0.24441742858538024,0.04407787813652127
-0.24586751042443392,1.394607127539757,-0.13745688943879783,-1.3026707143280372,-0.24577421810871444,0.04416172071707246
-0.2472225295973024,1.3961505627133546,-0.136343521257819,-1.3054282993498438,-0.24712808127719693,0.044244471615819916
-0.24857451677456574,1.3976822229320918,-0.135240149914632,-1.3081631131003977,-0.24847890941284706,0.04432613954833275
-0.24992336454036512,1.3992021481517405,-0.13414661298400948,-1.3108753644385673,-0.24982659525693943,0.04440673325545282
-0.25126896693114115,1.400710379418141,-0.13306275213106705,-1.3135652592246405,-0.2511710330028725,0.04448626150041871
-0.2526112194671913,1.4022069588428774,-0.13198841303665063,-1.3162330003690836,-0.25251211832764847,0.04456473306604525
-0.2539500191828308,1.4036919295786536,-0.13092344532218544,-1.318878787881601,-0.2538497484219575,0.044642156751957866
-0.25528526465515156,1.4051653357944138,-0.1298677024741086,-1.321502818920412,-0.25518382201886175,0.044718541371881144
-0.25661685603137596,1.406627222650246,-0.1288210417679988,-1.3241052878416701,-0.256514239421075,0.04479389575098083
-0.25794469505480244,1.4080776362721077,-0.127783324192511,-1.3266863862489515,-0.25784090252683645,0.0448682287232589
-0.2592686850893431,1.4095166237264076,-0.12675441437321655,-1.3292463030427484,-0.2591637148543769,0.04494154912900102
-0.2605887311426527,1.4109442329944784,-0.1257341804964434,-1.3317852244699007,-0.2604825815649787,0.045013865812276135
-0.2619047398878521,1.4123605129469712,-0.12472249423320546,-1.3343033341729096,-0.2617974094846313,0.04508518761848762
-0.26321661968384896,1.4137655133182023,-0.12371923066330412,-1.3368008132390767,-0.2631081071242853,0.045155523391975774
-0.26452428059426025,1.4151592846804792,-0.1227242681996796,-1.339277840249418,-0.2644145846987109,0.045224881973671235
-0.2658276344049438,1.416541878418433,-0.12173748851308538,-1.3417345913273033,-0.2657167541439661,0.04529327219879914
-0.2671265946401454,1.4179133467033807,-0.12075877645715347,-1.3441712401867771,-0.26701452913348284,0.04536070289463366
-0.26842107657727127,1.4192737424677444,-0.11978801999391425,-1.3465879581805205,-0.26830782509277945,0.04542718287830279
-0.2697109972602957,1.4206231193795447,-0.11882511011983016,-1.3489849143474122,-0.26959655921281095,0.045492720954643094
-0.2709962755118158,1.4219615318169914,-0.11786994079239822,-1.3513622754596568,-0.27088065046196746,0.04555732591410432
-0.27227683194376634,1.4232890348431921,-0.11692240885737305,-1.353720206069444,-0.2721600195967349,0.04562100653070361
-0.2735525889668086,1.4246056841809949,-0.11598241397665782,-1.3560588685551092,-0.2734345891710316,0.045683771560029174
-0.2748234707984095,1.4259115361879833,-0.11504985855690761,-1.3583784231667677,-0.2747042835442365,0.04574562973729333
-0.2760894034696268,1.4272066478316399,-0.11412464767888603,-1.3606790280713965,-0.2759690288879257,0.045806589775434656
-0.27735031483061856,1.428491076664694,-0.11320668902761301,-1.3629608393973391,-0.27722875319133533,0.04586666036326918
-0.2786061345548965,1.4297648808006678,-0.11229589282333881,-1.3652240112782124,-0.27848338626556957,0.04592585016369042
-0.27985679414234255,1.4310281188896328,-0.11139217175337632,-1.3674686958961957,-0.2797328597465739,0.04598416781191808
-0.28110222692100967,1.432280850094193,-0.11049544090482132,-1.3696950435246849,-0.28097710709689505,0.046041621913795315
-0.28234236804773005,1.433523134065703,-0.1096056176981877,-1.3719032025702933,-0.2822160636062495,0.046098221044134344
-0.2835771545075529,1.4347550309207335,-0.10872262182198243,-1.374093319614188,-0.2834496663909237,0.046153973745110176
-0.2848065251120359,1.4359766012177961,-0.10784637516824258,-1.376265539452746,-0.2846778543920302,0.04620888852470237
-0.286030420496416,1.437187905934336,-0.106976801769055,-1.3784200051375208,-0.28590056837264394,0.04626297385518445
-0.28724878311568397,1.4383890064440013,-0.10611382773407674,-1.3805568580145076,-0.28711775091384545,0.046316238171660945
-0.2884615572395899,1.4395799644941987,-0.10525738118907288,-1.3826762377627004,-0.28832934640969615,0.04636868987065157
-0.289668688946607,1.4407608421839437,-0.10440739221548613,-1.3847782824319337,-0.2895353010611736,0.046420337308722505
-0.29087012611688073,1.4419317019420121,-0.10356379279105134,-1.38686312848,-0.2907355628690942,0.046471188801164326
-0.2920658184241917,1.4430926065054004,-0.10272651673146596,-1.388930910809042,-0.2919300816260516,0.04652125262071635
-0.2932557173269619,1.444243618898101,-0.10189549963312634,-1.3909817628012129,-0.2931188089073999,0.04657053699633706
-0.2944397760583324,1.4453848024101998,-0.10107067881693783,-1.3930158163536028,-0.2943016980613103,0.04661905011202022
-0.2956179496153438,1.4465162205773003,-0.10025199327320575,-1.3950332019124299,-0.295478704197932,0.0466668001056564
-0.29679019474724794,1.4476379371602792,-0.09943938360761244,-1.397034048506495,-0.2966497841776861,0.046713795067939386
-0.297956469942982,1.44875001612538,-0.09863279198828477,-1.3990184837798993,-0.2978148965987244,0.04676004304131715
-0.2991167354178364,1.4498525216246476,-0.0978321620939548,-1.4009866340240276,-0.29897400178358197,0.04680555201898696
-0.3002709530993456,1.4509455179767083,-0.09703743906321562,-1.4029386242087944,-0.30012706176505605,0.04685032994393403
-0.3014190866124346,1.452029069647898,-0.09624856944487284,-1.404874578013163,-0.301274040271341,0.04689438470801344
-0.30256110126385116,1.4531032412337428,-0.09546550114939144,-1.4067946178549313,-0.30241490271045124,0.04693772415107461
-0.303696964025915,1.4541680974407958,-0.09468818340143649,-1.4086988649197956,-0.30354961615396225,0.04698035606012796
-0.3048266435196155,1.4552237030688284,-0.09391656669350536,-1.410587439189693,-0.304678149320102,0.04702228816855311
-0.3059501099970887,1.456270122993384,-0.09315060274064813,-1.4124604594704282,-0.3058004725562229,0.047063528155348124
-0.30706733532350455,1.4573074221486917,-0.09239024443627196,-1.4143180434185902,-0.3069165578206854,0.047104083644419155
-0.3081782929583953,1.4583356655109418,-0.09163544580902444,-1.4161603075677656,-0.30802637866418436,0.04714396220390995
-0.30928295793645555,1.4593549180819279,-0.0908861619807499,-1.4179873673540542,-0.3091299102105483,0.04718317134557054
-0.3103813068478447,1.4603652448730509,-0.09014234912551228,-1.4197993371408946,-0.3102271291370423,0.04722171852416451
-0.3114733178180213,1.4613667108896904,-0.08940396442967695,-1.4215963302432064,-0.3113180136542043,0.04725961113691419
-0.31255897048713943,1.4623593811159408,-0.08867096605304367,-1.423378458950859,-0.31240254348524477,0.047296856522983086
-0.3136382459890371,1.4633433204997128,-0.08794331309102174,-1.4251458345514718,-0.31348069984503885,0.04733346196299493
-0.31471112692984426,1.464318593938201,-0.08722096553783805,-1.4268985673525592,-0.31455246541874066,0.04736943467858853
-0.3157775973662407,1.4652852662637152,-0.08650388425076813,-1.4286367667030244,-0.31561782434004726,0.04740478183200787
-0.31683764278339094,1.4662434022298754,-0.08579203091537958,-1.4303605410140157,-0.31667676216914153,0.04743951052572665
-0.3178912500725839,1.4671930664981707,-0.08508536801177671,-1.432069997779151,-0.31772926587034084,0.04747362780210652
-0.31893840750860536,1.4681343236248778,-0.084383858781835,-1.4337652435941244,-0.3187753237894789,0.04750714064308837
-0.3199791047268686,1.4690672380483407,-0.08368746719741313,-1.4354463841757026,-0.3198149256310478,0.04754005596991586
-0.3210133327003302,1.4699918740766065,-0.08299615792952998,-1.4371135243801205,-0.32084806243512515,0.047572380642890454
-0.3220410837162166,1.4709082958754183,-0.08230989631849388,-1.43876676822089,-0.32187472655411337,0.047604121461157216
-0.3230623513525851,1.4718165674565606,-0.08162864834497041,-1.4404062188860298,-0.3228949116293147,0.04763528516252063
-0.32407713045474534,1.4727167526665563,-0.08095238060197522,-1.4420319787547287,-0.32390861256736675,0.04766587842328965
-0.3250854171115636,1.4736089151757101,-0.08028106026777769,-1.4436441494134524,-0.3249158255165619,0.047695907858151226
-0.3260872086316734,1.4744931184674992,-0.07961465507970093,-1.4452428316715067,-0.32591654784307417,0.04772538002007156
-0.3270825035196149,1.475369425828304,-0.07895313330880353,-1.4468281255760662,-0.32691077810711494,0.0477543014002243
-0.32807130145192415,1.476237900337479,-0.07829646373542788,-1.4484001304266823,-0.32789851603903997,0.04778267842794494
-0.32905360325319416,1.477098604857757,-0.07764461562559996,-1.4499589447892798,-0.32887976251542816,0.04781051747071066
-0.3300294108721273,1.4779516020259864,-0.076997558708265,-1.451504666509656,-0.3298545195351527,0.04783782483414481
-0.3309987273575987,1.4787969542441954,-0.07635526315334333,-1.4530373927264917,-0.3308227901954639,0.0478646067620453
-0.3319615568347506,1.4796347236709795,-0.07571769955059066,-1.454557219883887,-0.3317845786681026,0.0478908694364362
-0.3329179044811339,1.480464972213208,-0.07508483888924655,-1.4560642437434343,-0.33273989017546296,0.047916618977641726
-0.33386777650291694,1.481287761518047,-0.07445665253845518,-1.457558559395838,-0.33368873096682095,0.04794186144438187
-0.3348111801111761,1.4821031529652922,-0.07383311222844183,-1.4590402612720943,-0.3346311082946469,0.04796660283388902
-0.3357481234982858,1.482911207660007,-0.07321419003242893,-1.4605094431542436,-0.3355670303910167,0.04799084908204477
-0.3366786158144229,1.4837119864254642,-0.07259985834927522,-1.4619661981857033,-0.33649650644413825,0.04801460606353622
-0.33760266714419995,1.484505549796382,-0.07199008988682129,-1.4634106188811982,-0.33741954657500717,0.04803787959203105
-0.3385202884834423,1.485291958012454,-0.0713848576459253,-1.464842797136294,-0.33833616181420617,0.048060675420370666
-0.33943149171612136,1.4860712710121644,-0.07078413490517207,-1.466262824236551,-0.33924636407886166,0.04808299924078076
-0.34033628959145773,1.4868435484268863,-0.07018789520623915,-1.4676707908663045,-0.3401501661497697,0.04810485668509849
-0.3412346957012056,1.4876088495752557,-0.06959611233990323,-1.4690667871170868,-0.341047581648704,0.04812625332501581
-0.3421267244571305,1.4883672334578182,-0.0690087603326706,-1.4704509024957002,-0.3419386250159173,0.048147194672337995
-0.3430123910686904,1.4891187587519412,-0.06842581343401498,-1.471823225931952,-0.34282331148784645,0.048167686179257034
-0.34389171152093173,1.4898634838069873,-0.06784724610420662,-1.4731838457860629,-0.34370165707503175,0.04818773323863898
-0.3447647025526079,1.4906014666397436,-0.06727303300271621,-1.4745328498557604,-0.3445736785402605,0.04820734118432478
-0.3456313816345314,1.4913327649301014,-0.06670314897717768,-1.475870325383066,-0.3454393933769425,0.04822651529144392
-0.3464917669481664,1.4920574360169807,-0.06613756905289347,-1.4771963590607886,-0.3462988197877275,0.04824526077674031
-0.34734587736447037,1.4927755368944946,-0.06557626842286686,-1.4785110370387329,-0.34715197666337066,0.048263582798909736
-0.3481937324229914,1.493487124208347,-0.06501922243834508,-1.4798144449296347,-0.34799888356185493,0.048281486458948406
-0.3490353523112289,1.4941922542524595,-0.06446640659985808,-1.481106667814831,-0.34883956068777555,0.04829897680051196
-0.34987075784426264,1.4948909829658221,-0.06391779654873707,-1.482387790249678,-0.3496740288719939,0.0483160588102844
-0.3506999704446568,1.4955833659295608,-0.06337336805909796,-1.4836578962687226,-0.35050230955156586,0.04833273741835638
-0.3515230121226436,1.4962694583642175,-0.06283309703027437,-1.4849170693906406,-0.3513244247499498,0.04834901749861241
-0.35233990545659133,1.4969493151272377,-0.06229695947968541,-1.4861653926229492,-0.35214039705749894,0.04836490386912635
-0.35315067357376095,1.4976229907106586,-0.06176493153612367,-1.487402948466503,-0.3529502496122424,0.04838040129256473
-0.3539553401313552,1.4982905392389945,-0.06123698943344881,-1.4886298189197833,-0.3537540060809583,0.048395514476597505
-0.3547539292978632,1.4989520144673116,-0.06071310950467268,-1.4898460854829882,-0.35455169064054237,0.04841024807431557
-0.35554646573470344,1.4996074697794903,-0.06019326817642188,-1.4910518291619335,-0.35534332795967527,0.04842460668465478
-0.35633297457816787,1.5002569581866654,-0.05967744196376405,-1.492247130471772,-0.3561289431807903,0.04843859485282588
-0.3571134814216691,1.5009005323258429,-0.059165607465384476,-1.4934320694405396,-0.35690856190234427,0.04845221707075002
-0.3578880122982918,1.5015382444586862,-0.058657741359099555,-1.4946067256125366,-0.35768221016139273,0.04846547777749931
-0.35865659366365077,1.502170146470467,-0.05815382039769438,-1.4957711780515506,-0.35844991441647106,0.048478381359742105
-0.35941925237905525,1.5027962898691758,-0.057653821405071484,-1.4969255053439305,-0.3592117015307825,0.048490932152192606
-0.3601760156949814,1.5034167257847866,-0.05715772127269844,-1.4980697856015182,-0.35996759875569334,0.048503134438064345
-0.3609269112348524,1.5040315049686726,-0.05666549695634205,-1.4992040964644442,-0.3607176337145358,0.04851499244952721
-0.3616719669791261,1.5046406777931653,-0.05617712547307714,-1.5003285151037962,-0.3614618343867189,0.04852651036816768
-0.3624112112496912,1.505244294251254,-0.055692583898558405,-1.501443118224165,-0.3622002290921464,0.04853769232545187
-0.3631446726945693,1.5058424039564213,-0.055211849364543854,-1.5025479820660772,-0.36293284647594154,0.048548542403191064
-0.36387238027292396,1.5064350561426083,-0.05473489905665877,-1.5036431824083178,-0.3636597154934781,0.04855906463400946
-0.3645943632403746,1.5070222996643061,-0.05426171021238932,-1.504728794570152,-0.3643808653957158,0.04856926300181373
-0.36531065113461414,1.507604182996769,-0.0537922601192953,-1.5058048934134498,-0.36509632571483974,0.048579141442264155
-0.366021273761329,1.5081807542363448,-0.05332652611343172,-1.506871553344721,-0.3658061262502016,0.048588703843247025
-0.3667262611804193,1.5087520611009178,-0.052864485577969245,-1.5079288483170643,-0.3665102970545609,0.04859795404534805
-0.3674256436925181,1.5093181509304594,-0.05240611594200368,-1.5089768518320386,-0.367208868420625,0.048606895842326435
-0.3681194518258066,1.509879070687685,-0.051951394679545196,-1.5100156369414584,-0.36790187086788484,0.04861553298158947
-0.3688077163231232,1.5104348669588088,-0.05150029930867798,-1.5110452762491213,-0.3685893351297445,0.04862386916466731
-0.36949046812936504,1.5109855859543966,-0.05105280739088146,-1.5120658419124708,-0.36927129214094234,0.04863190804768769
-0.37016773837917744,1.5115312735103095,-0.05060889653050449,-1.5130774056441998,-0.3699477730252604,0.04863965324185047
-0.37083955838493005,1.512071975088737,-0.05016854437438407,-1.5140800387137978,-0.37061880908352,0.048647108313901614
-0.3715059596249761,1.5126077357793144,-0.04973172861160053,-1.5150738119490492,-0.3712844317818603,0.04865427678660656
-0.37216697373219204,1.5131386003003209,-0.04929842697336133,-1.5160587957374831,-0.37194467274029647,0.048661162139222634
-0.3728226324827938,1.513664612999956,-0.04886861723300584,-1.5170350600277822,-0.37259956372155495,0.04866776780797045
-0.3734729677854271,1.5141858178576888,-0.04844227720612386,-1.518002674331151,-0.37324913662018205,0.04867409718650402
-0.37411801167052844,1.5147022584856784,-0.04801938475078072,-1.51896170772265,-0.3738934234519228,0.04868015362637943
-0.3747577962799525,1.5152139781302616,-0.047599917767842115,-1.5199122288424982,-0.3745324563433662,0.04868594043752193
-0.3753923538568634,1.5157210196735045,-0.047183854201392185,-1.5208543058973456,-0.3751662675218542,0.04869146088869124
-0.37602171673588597,1.5162234256348144,-0.046771172039238355,-1.521788006661523,-0.3757948893056498,0.04869671820794495
-0.37664591733351255,1.516721238172611,-0.04636184931349693,-1.5227133984782675,-0.37641835409436114,0.04870171558309992
-0.37726498813876325,1.5172144990860505,-0.04595586410125349,-1.523630548260929,-0.3770366943596182,0.04870645616219141
-0.37787896170409424,1.5177032498168033,-0.04555319452529243,-1.5245395224941611,-0.37764994263599727,0.04871094305392991
-0.3784878706365513,1.5181875314508797,-0.04515381875489029,-1.5254403872350977,-0.37825813151219106,0.048715179328155604
-0.3790917475891644,1.518667384720503,-0.044757715006667496,-1.5263332081145162,-0.37886129362241866,0.04871916801629017
-0.37969062525257946,1.5191428500060256,-0.04436486154549368,-1.5272180503379948,-0.37945946163807287,0.04872291211178599
-0.3802845363469235,1.5196139673378863,-0.04397523668544164,-1.5280949786870597,-0.38005266825960077,0.04872641457057255
-0.38087351361389943,1.520080776398608,-0.04358881879078542,-1.5289640575203294,-0.3806409462086132,0.048729678311500005
-0.381457589809106,1.5205433165248285,-0.04320558627703806,-1.5298253507746555,-0.38122432822021957,0.048732706216779755
-0.3820367976945793,1.5210016267093691,-0.04282551761202489,-1.530678921966262,-0.3818028470355836,0.04873550113242201
-0.3826111700315523,1.5214557456033324,-0.04244859131698821,-1.531524834191886,-0.382376535394697,0.048738065868670216
-0.38318073957342763,1.5219057115182304,-0.042074785967719665,-1.5323631501299195,-0.3829454260293663,0.04874040320043228
-0.3837455390589602,1.5223515624281403,-0.041704080195716565,-1.5331939320415573,-0.38350955165640876,0.04874251586770852
-0.3843056012056458,1.5227933359718862,-0.0413364526893587,-1.534017241771947,-0.38406894497105437,0.04874440657601635
-0.38486095870331133,1.5232310694552431,-0.040971882195102304,-1.5348331407513491,-0.38462363864054927,0.048746077996811445
-0.3854116442079033,1.523664799853164,-0.040610347518688084,-1.5356416899963015,-0.3851736652979567,0.04874753276790559
-0.3859576903354701,1.5240945638120256,-0.04025182752636021,-1.5364429501107957,-0.3857190575361521,0.04874877349388095
-0.38649912965633476,1.5245203976518926,-0.03989630114609352,-1.5372369812874613,-0.38625984790200785,0.04874980274650082
-0.3870359946894538,1.5249423373687987,-0.03954374736882621,-1.5380238433087625,-0.38679606889076446,0.048750623065116766
-0.38756831789695917,1.5253604186370413,-0.039194145249695445,-1.538803595548206,-0.3873277529405838,0.04875123695707217
-0.3880961316788783,1.525774676811491,-0.038847473909273525,-1.5395762969715618,-0.38785493242728114,0.04875164689810208
-0.38861946836802985,1.5261851469299113,-0.038503712534802274,-1.5403420061380975,-0.38837763965923167,0.048751855332729396
-0.38913836022509024,1.5265918637152887,-0.03816284038142357,-1.541100781201826,-0.3888959068724484,0.04875186467465728
-0.38965283943382817,1.5269948615781725,-0.03782483677340396,-1.54185267991277,-0.3894097662258272,0.04875167730715787
-0.39016293809650293,1.5273941746190218,-0.03748968110535146,-1.5425977596182388,-0.3899192497965557,0.048751295583457185
-0.3906686882294232,1.5277898366305578,-0.037157352843422795,-1.543336077264123,-0.39042438957568243,0.04875072182711626
-0.3911701217586625,1.5281818811001222,-0.036827831526519354,-1.5440676893962049,-0.39092521746384234,0.04874995833240847
-0.3916672705159283,1.5285703412120388,-0.03650109676747041,-1.5447926521614852,-0.3914217652671356,0.04874900736469301
-0.39216016623458055,1.5289552498499785,-0.03617712825420199,-1.5455110213095264,-0.3919140646931558,0.048747871160784585
-0.3926488405457967,1.5293366395993246,-0.03585590575089019,-1.5462228521938137,-0.39240214734716433,0.048746551929319225
-0.3931333249748798,1.5297145427495398,-0.035537409099097646,-1.5469281997731323,-0.39288604472840766,0.04874505185111627
-0.3936136509377062,1.5300889912965328,-0.03522161821889189,-1.5476271186129638,-0.393365788226574,0.04874337307953653
-0.3940898497373097,1.5304600169450226,-0.034908513109944674,-1.548319662886898,-0.3938414091183859,0.04874151774083652
-0.39456195256059834,1.5308276511109016,-0.03459807385261119,-1.5490058863780642,-0.39431293856432614,0.04873948793451895
-0.3950299904752019,1.5311919249235948,-0.03429028060898826,-1.5496858424805788,-0.394780407605493,0.048737285733679296
-0.3954939944264453,1.5315528692284155,-0.03398511362395071,-1.5503595842010118,-0.3952438471605819,0.04873491318534853
-0.3959539952344463,1.5319105145889165,-0.03368255322616517,-1.5510271641598694,-0.39570328802299115,0.04873237231083209
-0.3964100235913334,1.5322648912892352,-0.033382579829080605,-1.5516886345930954,-0.3961587608580474,0.04872966510604493
-0.3968621100585817,1.5326160293364328,-0.03308517393189497,-1.5523440473535892,-0.39661029620034893,0.04872679354184281
-0.3973102850644628,1.5329639584628274,-0.032790316120497424,-1.552993453912742,-0.3970579244512233,0.04872375956434979
-0.39775457890160726,1.5333087081283183,-0.03249798706838562,-1.5536369053619887,-0.3975016758762964,0.04872056509528189
-0.39819502172467536,1.5336503075227037,-0.0322081675375577,-1.5542744524143783,-0.3979415806031706,0.04871721203226702
-0.3986316435481341,1.5339887855679883,-0.031920838379378536,-1.5549061454061595,-0.3983776686192081,0.04871370224916112
-0.3990644742441376,1.5343241709206832,-0.03163598053541996,-1.5555320342983838,-0.39880996976941846,0.04871003759636059
-0.3994935435405084,1.5346564919740953,-0.03135357503827469,-1.5561521686785251,-0.39923851375444575,0.04870621990111095
-0.39991888101881634,1.5349857768606063,-0.031073603012343767,-1.5567665977621135,-0.39966333012865396,0.048702250967811854
-0.4003405161125529,1.5353120534539424,-0.030796045674597282,-1.5573753703943867,-0.40008444829830764,0.04869813257831836
-0.40075847810539883,1.535635349371431,-0.03052088433530831,-1.5579785350519555,-0.40050189751984494,0.04869386649223858
-0.4011727961295818,1.5359556919762476,-0.030248100398759938,-1.558576139844485,-0.4009157068982414,0.0486894544472277
-0.4015834991643219,1.5362731083796506,-0.02997767536392536,-1.5591682325163903,-0.40132590538546087,0.048684898159278345
-0.401990616034363,1.5365876254432034,-0.029709590825121007,-1.5597548604485452,-0.4017325217789923,0.048680199323007385
-0.40239417540858674,1.536899269780984,-0.02944382847263274,-1.5603360706600073,-0.40213558472046934,0.04867535961193916
-0.40279420579870817,1.537208067761783,-0.029180370093315183,-1.5609119098097548,-0.4025351226943705,0.048670380678785166
-0.4031907355580492,1.5375140455112866,-0.028919197571164255,-1.5614824241984369,-0.402931164026798,0.048665264155720235
-0.4035837928803888,1.5378172289142478,-0.028660292887863044,-1.562047659770137,-0.403323736884333,0.048660011654655236
-0.4039734057988877,1.538117643616644,-0.028403638123301128,-1.5626076621141487,-0.40371286927296435,0.0486546247675063
-0.40435960218508454,1.5384153150278193,-0.028149215456067554,-1.563162476466763,-0.40409858903709006,0.04864910506646062
-0.40474240974796283,1.5387102683226144,-0.027897007163917648,-1.563712147713068,-0.404480923858588,0.048643454104238856
-0.4051218560330853,1.5390025284434814,-0.027646995624213855,-1.5642567203887583,-0.40485990125595517,0.04863767341435417
-0.4054979684217947,1.5392921201025842,-0.027399163314340867,-1.5647962386819567,-0.4052355485835121,0.04863176451136791
-0.4058707741304784,1.539579067783885,-0.02715349281209528,-1.5653307464350452,-0.40560789303067185,0.04862572889114197
-0.40624030020989543,1.5398633957452152,-0.026909966796050077,-1.5658602871465064,-0.405976961621271,0.04861956803108793
-0.406606573544564,1.540145128020332,-0.02666856804589415,-1.5663849039727737,-0.4063427812129605,0.04861328339041285
-0.40696962085220684,1.5404242884209598,-0.026429279442747262,-1.566904639730091,-0.4067053784966554,0.04860687641036191
-0.4073294686832544,1.5407009005388168,-0.026192083969450716,-1.5674195368963808,-0.4070647799960408,0.04860034851445786
-0.4076861434204022,1.540974987747626,-0.025956964710834023,-1.5679296376131207,-0.4074210120671332,0.04859370110873727
-0.40803967127822194,1.541246573205111,-0.025723904853957993,-1.5684349836872267,-0.40777410089789484,0.048586935581983716
-0.4083900783028241,1.5415156798549776,-0.025492887688334537,-1.5689356165929453,-0.4081240725078994,0.048580053305957806
-0.4087373903715711,1.5417823304288776,-0.02526389660612355,-1.5694315774737513,-0.40847095274804823,0.04857305563562419
-0.40908163319283836,1.54204654744836,-0.025036915102307267,-1.5699229071442518,-0.40881476730033467,0.048565943909375534
-0.4094228323058229,1.5423083532268043,-0.024811926774842445,-1.570409646092097,-0.4091555416776552,0.048558719449253475
-0.4097610130803969,1.54256776987134,-0.024588915324790767,-1.570891834479897,-0.40949330122366623,0.04855138356116664
-0.41009620071700603,1.5428248192847498,-0.02436786455642785,-1.571369512147142,-0.40982807111268443,0.04854393753510569
-0.41042842024660947,1.5430795231673573,-0.024148758377331252,-1.571842718612129,-0.41015987634963025,0.048536382645355536
-0.4107576965306619,1.5433319030188988,-0.023931580798447868,-1.5723114930738922,-0.41048874177001177,0.04852872015070459
-0.411084054261135,1.543581980140381,-0.023716315934141145,-1.5727758744141365,-0.4108146920399489,0.048520951294651275
-0.4114075179605775,1.543829775635921,-0.023502948002218485,-1.5732359011991768,-0.41113775165623573,0.048513077305607645
-0.4117281119822127,1.5440753104145728,-0.023291461323939253,-1.5736916116818775,-0.4114579449464401,0.048505099397100314
-0.4120458605100716,1.5443186051921372,-0.02308184032400382,-1.5741430438035977,-0.4117752960690392,0.04849701876796858
-0.41236078755916106,1.544559680492956,-0.022874069530524024,-1.574590235196136,-0.4120898290135895,0.048488836602559884
-0.41267291697566555,1.544798556651692,-0.022668133574975467,-1.5750332231836799,-0.41240156760093066,0.04848055407092257
-0.412982272437181,1.5450352538150924,-0.022464017192132056,-1.5754720447847548,-0.4127105354834215,0.048472172328996005
-0.4132888774529804,1.5452697919437375,-0.022261705219983215,-1.5759067367141752,-0.4130167561452069,0.04846369251879811
-0.4135927553643089,1.5455021908137734,-0.022061182599634153,-1.576337335384997,-0.41332025290251523,0.04845511576861028
-0.4138939293447088,1.545732470018631,-0.021862434375189595,-1.5767638769104693,-0.41362104890398455,0.048446443193159765
-0.41419242240037185,1.5459606489707278,-0.021665445693621412,-1.5771863971059883,-0.41391916713101684,0.04843767589379955
-0.4144882573705188,1.5461867469031563,-0.02147020180462052,-1.5776049314910485,-0.41421463039815903,0.04842881495868571
-0.41478145692780527,1.5464107828713558,-0.021276688060433462,-1.5780195152911958,-0.41450746135351024,0.04841986146295237
-0.41507204357875216,1.5466327757547713,-0.021084889915684076,-1.5784301834399783,-0.41479768247915366,0.0484108164688842
-0.4153600396642005,1.5468527442584952,-0.02089479292718064,-1.5788369705808964,-0.41508531609161275,0.04840168102608648
-0.41564546735978936,1.5470707069148955,-0.020706382753708882,-1.579239911069352,-0.4153703843423305,0.04839245617165291
-0.4159283486764561,1.5472866820852291,-0.020519645155811252,-1.579639038974595,-0.41565290921817066,0.048383142930330955
-0.41620870546095806,1.5475006879612407,-0.020334565995552844,-1.5800343880816679,-0.4159329125419408,0.04837374231468502
-0.41648655939641455,1.5477127425667463,-0.02015113123627432,-1.5804259918933492,-0.41621041597293557,0.04836425532525722
-0.4167619320028691,1.5479228637592024,-0.019969326942332253,-1.5808138836320929,-0.4164854410074994,0.04835468295072602
-0.4170348446378702,1.5481310692312618,-0.01978913927882725,-1.5811980962419652,-0.41675800897960885,0.04834502616806259
-0.41730531849707053,1.5483373765123138,-0.019610554511320186,-1.5815786623905785,-0.4170281410614723,0.04833528594268499
-0.41757337461484323,1.5485418029700115,-0.01943355900553697,-1.581955614471022,-0.4172958582641475,0.04832546322861023
-0.41783903386491533,1.548744365811783,-0.01925813922706216,-1.5823289846037878,-0.41756118143817544,0.04831555896860414
-0.41810231696101685,1.5489450820863313,-0.0190842817410218,-1.5826988046386936,-0.4178241312742304,0.04830557409432922
-0.418363244457545,1.5491439686851176,-0.018911973211755813,-1.5830651061568013,-0.418084728303785,0.04829550952649034
